<?xml version="1.0" encoding="UTF-8"?>
<project-private xmlns="http://www.netbeans.org/ns/project-private/1">
    <editor-bookmarks xmlns="http://www.netbeans.org/ns/editor-bookmarks/2" lastBookmarkId="0"/>
    <open-files xmlns="http://www.netbeans.org/ns/projectui-open-files/2">
        <group>
            <file>file:/C:/Users/zende/OneDrive/Documentos/UTL/5TO%20CUATRIMESTRE/Base%20de%20Datos%20para%20Cómputo%20en%20la%20Nube/ProyectoIntegrador/myspa/src/java/com/systemComunity/myspa/rest/RESTTratamiento.java</file>
            <file>file:/C:/Users/zende/OneDrive/Documentos/UTL/5TO%20CUATRIMESTRE/Base%20de%20Datos%20para%20Cómputo%20en%20la%20Nube/ProyectoIntegrador/myspa/web/gestion/reservacion/reservacion.js</file>
            <file>file:/C:/Users/zende/OneDrive/Documentos/UTL/5TO%20CUATRIMESTRE/Base%20de%20Datos%20para%20Cómputo%20en%20la%20Nube/ProyectoIntegrador/myspa/web/gestion/reservacion/reservacion.html</file>
        </group>
    </open-files>
</project-private>
